{
  "pools": [
    {
      "rolls": 1,
      "entries": [
        {
          "type": "item",
          "name": "minecraft:bow",
          "weight": 1,
          "functions": [
            {
             "function": "enchant_random_gear",
             "chance": 0.2
            },
            {
             "function": "enchant_with_levels",
             "treasure": true,
             "levels": 8
            },
            {
              "function": "set_count",
              "count": {
                "min": 1,
                "max": 1
              }
            }
          ]
        },
        {
          "type": "item",
          "name": "minecraft:diamond_sword",
          "weight": 1,
          "functions": [
            {
             "function": "enchant_random_gear",
             "chance": 0.2
            },
            {
             "function": "enchant_with_levels",
             "treasure": true,
             "levels": 8
            },
            {
              "function": "set_count",
              "count": {
                "min": 1,
                "max": 1
              }
            }
          ]
        }
      ]
    },
    {
      "rolls": 1,
      "entries": [
        {
          "type": "item",
          "name": "minecraft:spawn_egg",
            "functions": [
            {
              "function": "set_data",
              "data": 27
            }
          ]
        }
      ]
    },
    {
      "rolls": 1,
      "entries": [
        {
          "type": "item",
          "name": "minecraft:arrow",
          "weight": 1,
          "functions": [
            {
              "function": "set_count",
              "count": {
                "min": 16,
                "max": 32
              }
            }
          ]
        }
      ]
    }
  ]
}