{
  "pools": [
    {
      "rolls": 1,
      "entries": [
        {
          "type": "item",
          "name": "minecraft:diamond_sword",
          "weight": 1,
          "functions": [
            {
             "function": "enchant_random_gear",
             "chance": 1.0
            },
            {
             "function": "enchant_with_levels",
             "treasure": true,
             "levels": 60
            },
            {
              "function": "set_count",
              "count": {
                "min": 1,
                "max": 1
              }
            }
          ]
        }
      ]
    },
    {
      "rolls": 1,
      "entries": [
        {
          "type": "item",
          "name": "minecraft:skull",
            "functions": [
            {
              "function": "set_data",
              "data": 5
            }
          ]
        }
      ]
    }
  ]
}