{
  "pools": [
    {
      "rolls": 1,
      "entries": [
        {
          "type": "item",
          "name": "minecraft:bow",
          "weight": 1,
          "functions": [
            {
             "function": "enchant_random_gear",
             "chance": 0.2
            }
          ]
        },
        {
          "type": "item",
          "name": "minecraft:diamond_sword",
          "weight": 1
          "functions": [
            {
             "function": "enchant_random_gear",
             "chance": 0.2
            }
          ]
        }
      ]
    }
  ]
}