{
  "definition.boat": {
    "textures": {
      "default": "textures/entity/MysSea_LEMO/IKADA_O",
      "acacia": "textures/entity/MysSea_LEMO/IKADA_A",
      "birch": "textures/entity/MysSea_LEMO/IKADA_S",
      "darkoak": "textures/entity/MysSea_LEMO/IKADA_D",
      "jungle": "textures/entity/MysSea_LEMO/IKADA_J",
      "oak": "textures/entity/MysSea_LEMO/IKADA_O",
      "spruce": "textures/entity/MysSea_LEMO/IKADA_M"
    },
    "geometry": {
      "default": "geometry.IKADA.Boat",
    }
  }
}