{
  "definition.skull": {
    "textures": {
      "default": "textures/entity/steve",
      "steve": "textures/entity/steve",
      "skeleton": "textures/entity/skulls/skeleton",
      "wither": "textures/entity/skulls/wither_skeleton",
      "zombie": "textures/entity/skulls/zombie",
      "creeper": "textures/entity/MysSea_LEMO/DivingSuit",
      "dragon": "textures/entity/MysSea_LEMO/Shachi"
    },
    "geometry": {
      "default": "geometry.player_head",
      "steve": "geometry.player_head",
      "skeleton": "geometry.mob_head",
      "wither": "geometry.mob_head",
      "zombie": "geometry.mob_head",
      "creeper": "geometry.DivingSuit",
      "dragon": "geometry.Shachi"
    }
  }
}