{
  "minecraft:entity": {
    "format_version": "1.2.0",

    "component_groups": {
      "minecraft:BE_1": {
      "minecraft:timer": {
        "time": 3,
          "looping": false,
          "time_down_event": {
            "event": "minecraft:to_BE2_1",
            "target": "self"
          }
        }
      },
      "minecraft:BE_2": {
      "minecraft:timer": {
        "time": 3,
          "looping": false,
          "time_down_event": {
            "event": "minecraft:to_BE2_2",
            "target": "self"
          }
        }
      },
      "minecraft:BE_3": {
      "minecraft:timer": {
        "time": 3,
          "looping": false,
          "time_down_event": {
            "event": "minecraft:to_BE2_3",
            "target": "self"
          }
        }
      },
      "minecraft:BE_4": {
      "minecraft:timer": {
        "time": 3,
          "looping": false,
          "time_down_event": {
            "event": "minecraft:to_BE2_4",
            "target": "self"
          }
        }
      },
      "minecraft:BE_5": {
      "minecraft:timer": {
        "time": 3,
          "looping": false,
          "time_down_event": {
            "event": "minecraft:to_BE2_5",
            "target": "self"
          }
        }
      },
      "minecraft:BE_6": {
      "minecraft:timer": {
        "time": 3,
          "looping": false,
          "time_down_event": {
            "event": "minecraft:to_BE2_6",
            "target": "self"
          }
        }
      },
      "minecraft:BE_7": {
      "minecraft:timer": {
        "time": 3,
          "looping": false,
          "time_down_event": {
            "event": "minecraft:to_BE2_7",
            "target": "self"
          }
        }
      },
      "minecraft:BE_8": {
      "minecraft:timer": {
        "time": 3,
          "looping": false,
          "time_down_event": {
            "event": "minecraft:to_BE2_8",
            "target": "self"
          }
        }
      },
      "minecraft:BE_9": {
      "minecraft:timer": {
        "time": 3,
          "looping": false,
          "time_down_event": {
            "event": "minecraft:to_BE2_9",
            "target": "self"
          }
        }
      },
      "minecraft:BE_10": {
      "minecraft:timer": {
        "time": 3,
          "looping": false,
          "time_down_event": {
            "event": "minecraft:to_BE2_10",
            "target": "self"
          }
        }
      },
      "minecraft:BE_11": {
      "minecraft:timer": {
        "time": 3,
          "looping": false,
          "time_down_event": {
            "event": "minecraft:to_BE2_11",
            "target": "self"
          }
        }
      },
      "minecraft:BE_12": {
      "minecraft:timer": {
        "time": 3,
          "looping": false,
          "time_down_event": {
            "event": "minecraft:to_BE2_12",
            "target": "self"
          }
        }
      },
      "minecraft:BE2_1": {
       "minecraft:transformation": {
        "into": "minecraft:ghast"
        }
      },
      "minecraft:BE2_2": {
       "minecraft:transformation": {
        "into": "minecraft:creeper"
        }
      },
      "minecraft:BE2_3": {
       "minecraft:transformation": {
        "into": "minecraft:zombie_villager"
        }
      },
      "minecraft:BE2_4": {
       "minecraft:transformation": {
        "into": "minecraft:zombie"
        }
      },
      "minecraft:BE2_5": {
       "minecraft:transformation": {
        "into": "minecraft:husk"
        }
      },
      "minecraft:BE2_6": {
       "minecraft:transformation": {
        "into": "minecraft:zombie_pigman"
        }
      },
      "minecraft:BE2_7": {
       "minecraft:transformation": {
        "into": "minecraft:wolf"
        }
      },
      "minecraft:BE2_8": {
       "minecraft:transformation": {
        "into": "minecraft:stray"
        }
      },
      "minecraft:BE2_9": {
       "minecraft:transformation": {
        "into": "minecraft:mooshroom"
        }
      },
      "minecraft:BE2_10": {
       "minecraft:transformation": {
        "into": "minecraft:evocation_illager"
        }
      },
      "minecraft:BE2_11": {
       "minecraft:transformation": {
        "into": "minecraft:silverfish"
        }
      },
      "minecraft:BE2_12": {
       "minecraft:transformation": {
        "into": "minecraft:spider"
        }
      }
    },

    "components": {
      "minecraft:identifier": {
        "id": "minecraft:squid"
      },
      "minecraft:type_family": {
        "family":[ "V.LEMO" ]
      },
      "minecraft:collision_box":{
        "width": 0.95,
        "height": 0.95
      },      
      "minecraft:health": {
        "value": 10,
        "max": 10
      },
      "minecraft:loot": {
        "table": "loot_tables/entities/squid.json"
      },
      "minecraft:fire_immune": true,
      "minecraft:breathable": {
        "totalSupply": 15,
        "suffocateTime": -1,
        "breathesAir": false,
        "breathesWater": true
      },
      "minecraft:movement": {
        "value": 0.2
      },
      "minecraft:navigation.walk": {
        "can_float": true
      },
      "minecraft:movement.basic": {
      },
      "minecraft:jump.static": {
      },
      "minecraft:can_climb": {
      },
      "minecraft:behavior.squid_move_away_from_ground":{
        "priority": 1
      },
      "minecraft:behavior.squid_flee":{
        "priority": 2
      },
      "minecraft:behavior.squid_idle":{
        "priority": 2
      },
      "minecraft:behavior.squid_dive":{
        "priority": 2
      },
      "minecraft:behavior.squid_out_of_water":{
        "priority": 2
      },
      "minecraft:physics": {
      }
    },
    "events": {
      "minecraft:entity_spawned": {
        "randomize": [
          {
            "weight": 3,
            "add": {
            }
          },
          {
            "weight": 3,
            "add": {
              "component_groups": [
                "minecraft:BE_1"
              ]
            }
          },
          {
            "weight": 1,
            "add": {
              "component_groups": [
                "minecraft:BE_2"
              ]
            }
          },
          {
            "weight": 3,
            "add": {
              "component_groups": [
                "minecraft:BE_3"
              ]
            }
          },
          {
            "weight": 2,
            "add": {
              "component_groups": [
                "minecraft:BE_4"
              ]
            }
          },
          {
            "weight": 2,
            "add": {
              "component_groups": [
                "minecraft:BE_5"
              ]
            }
          },
          {
            "weight": 2,
            "add": {
              "component_groups": [
                "minecraft:BE_6"
              ]
            }
          },
          {
            "weight": 4,
            "add": {
              "component_groups": [
                "minecraft:BE_7"
              ]
            }
          },
          {
            "weight": 1,
            "add": {
              "component_groups": [
                "minecraft:BE_8"
              ]
            }
          },
          {
            "weight": 5,
            "add": {
              "component_groups": [
                "minecraft:BE_9"
              ]
            }
          },
          {
            "weight": 3,
            "add": {
              "component_groups": [
                "minecraft:BE_10"
              ]
            }
          },
          {
            "weight": 2,
            "add": {
              "component_groups": [
                "minecraft:BE_11"
              ]
            }
          },
          {
            "weight": 4,
            "add": {
              "component_groups": [
                "minecraft:BE_12"
              ]
            }
          }
        ]
      },
      "minecraft:to_BE2_1": {
        "remove": {
          "component_groups": [
            "minecraft:BE_1"
          ]
        },
        "add": {
          "component_groups": [
            "minecraft:BE2_1"
          ]
        }
      },
      "minecraft:to_BE2_2": {
        "remove": {
          "component_groups": [
            "minecraft:BE_2"
          ]
        },
        "add": {
          "component_groups": [
            "minecraft:BE2_2"
          ]
        }
      },
      "minecraft:to_BE2_3": {
        "remove": {
          "component_groups": [
            "minecraft:BE_3"
          ]
        },
        "add": {
          "component_groups": [
            "minecraft:BE2_3"
          ]
        }
      },
      "minecraft:to_BE2_4": {
        "remove": {
          "component_groups": [
            "minecraft:BE_4"
          ]
        },
        "add": {
          "component_groups": [
            "minecraft:BE2_4"
          ]
        }
      },
      "minecraft:to_BE2_5": {
        "remove": {
          "component_groups": [
            "minecraft:BE_5"
          ]
        },
        "add": {
          "component_groups": [
            "minecraft:BE2_5"
          ]
        }
      },
      "minecraft:to_BE2_6": {
        "remove": {
          "component_groups": [
            "minecraft:BE_6"
          ]
        },
        "add": {
          "component_groups": [
            "minecraft:BE2_6"
          ]
        }
      },
      "minecraft:to_BE2_7": {
        "remove": {
          "component_groups": [
            "minecraft:BE_7"
          ]
        },
        "add": {
          "component_groups": [
            "minecraft:BE2_7"
          ]
        }
      },
      "minecraft:to_BE2_8": {
        "remove": {
          "component_groups": [
            "minecraft:BE_8"
          ]
        },
        "add": {
          "component_groups": [
            "minecraft:BE2_8"
          ]
        }
      },
      "minecraft:to_BE2_9": {
        "remove": {
          "component_groups": [
            "minecraft:BE_9"
          ]
        },
        "add": {
          "component_groups": [
            "minecraft:BE2_9"
          ]
        }
      },
      "minecraft:to_BE2_10": {
        "remove": {
          "component_groups": [
            "minecraft:BE_10"
          ]
        },
        "add": {
          "component_groups": [
            "minecraft:BE2_10"
          ]
        }
      },
      "minecraft:to_BE2_11": {
        "remove": {
          "component_groups": [
            "minecraft:BE_11"
          ]
        },
        "add": {
          "component_groups": [
            "minecraft:BE2_11"
          ]
        }
      },
      "minecraft:to_BE2_12": {
        "remove": {
          "component_groups": [
            "minecraft:BE_12"
          ]
        },
        "add": {
          "component_groups": [
            "minecraft:BE2_12"
          ]
        }
      }
    }
  }
}
