{
  "minecraft:entity": {
    "format_version": "1.2.0",

    "components": {
      "minecraft:identifier": {
        "id": "minecraft:ghast"
      },
      "minecraft:type_family": {
        "family":[ "V.LEMO" ]
      },
      "minecraft:scale": {
        "value": 0.26
      },
      "minecraft:collision_box": {
        "width": 2.0,
        "height": 6.2
      },
      "minecraft:health": {
        "value": 20,
        "max": 20
      },
      "minecraft:spawn_entity": {
        "min_wait_time": 160,
        "max_wait_time": 320,
        "spawn_entity": "zombie_villager"
      },
      "minecraft:loot": {
        "table": "loot_tables/entities/MysSea.json"
      },
      "minecraft:fire_immune": true,
      "minecraft:breathable": {
        "breathesAir": true,
        "breathesWater": true
      },
      "minecraft:fall_damage": {
        "value": 0.0
      },
      "minecraft:knockback_resistance": {
        "value": 1.0
      },
      "minecraft:movement": {
        "value": 0.16
      },
      "minecraft:underwater_movement": {
        "value": 0.16
      },
      "minecraft:navigation.generic": {
        "is_amphibious": false,
        "can_float": false,
        "can_swim": true,
        "can_walk": false,
        "can_breach": false,
        "can_sink": false
      },
      "minecraft:movement.sway": {
        "sway_amplitude": 0.0
      },
      "minecraft:physics": {
        "has_gravity": false
      },
      "minecraft:behavior.follow_flock": {
        "priority": 2,
        "speed_multiplier": 0.12
      },
      "minecraft:behavior.random_swim": {
        "speed_multiplier": 1.0,
        "priority": 3,
        "xz_dist": 16,
        "y_dist": 4,
        "interval": 0
      },
      "minecraft:behavior.swim_wander": {
        "priority": 4,
        "speed_multiplier": 0.014,
        "interval": 60
      },
      "minecraft:physics": {
      }
    }
  }