{
  "minecraft:entity": {
    "format_version": "1.2.0",

    "component_groups": {
      "minecraft:Mermaid_Boss_1_byLEMO": {
      "minecraft:shooter": {
        "def": "minecraft:iron_golem"
      },
      "minecraft:behavior.ranged_attack": {
        "attack_interval_min": 1,
        "attack_interval_max": 2,
        "attack_radius": 32
      },
      "minecraft:timer": {
          "time": 6.0,
          "looping": false,
          "time_down_event": {
            "event": "minecraft:change_to_2",
            "target": "self"
          }
        },
      "minecraft:is_charged": {
      }
    },
      "minecraft:Mermaid_Boss_2_byLEMO": {
      "minecraft:shooter": {
        "def": "minecraft:iron_golem"
      },
      "minecraft:behavior.ranged_attack": {
        "attack_interval_min": 1,
        "attack_interval_max": 2,
        "attack_radius": 32
        }
      }
    },

    "components": {
      "minecraft:identifier": {
        "id": "minecraft:creeper"
      },
      "minecraft:type_family": {
        "family": [ "Mermaid_Boss" ]
      },
     "minecraft:scale": {
        "value": 1.2
      },
      "minecraft:fire_immune": true,
      "minecraft:breathable": {
        "breathesAir": true,
        "breathesWater": true
      },
      "minecraft:collision_box": {
        "width": 0.7,
        "height": 3.0
      },
      "minecraft:health": {
        "value": 100,
        "max": 100
      },
      "minecraft:fall_damage": {
        "value": 0.0
      },
      "minecraft:knockback_resistance": {
        "value": 1.0
      },
      "minecraft:loot": {
        "table": "loot_tables/entities/KingMermaid.json"
      },
      "minecraft:navigation.walk": {
      },
      "minecraft:movement": {
        "value": 0.0
      },
      "minecraft:is_stackable": {
      },
      "minecraft:movement.basic": {   
      },
      "minecraft:jump.static": {
      },
      "minecraft:can_climb": {
      },
      "minecraft:damage_sensor": [
        {
          "on_damage": { "filters": { "test" :  "is_family", "subject" : "other", "value" :  "lightning"} },
          "deals_damage": false
        }
      ],
      "minecraft:behavior.nearest_attackable_target": {
        "priority": 3,
        "entity_types": {
          "filters": { "other_with_families": [ "player" ] },
          "max_dist": 32
           }
        },
      "minecraft:target_nearby_sensor": {
        "inside_range": 24.0,
        "outside_range": 24.1,
        "on_inside_range": {
          "event": "minecraft:change_to_1",
          "target": "self"
        },
        "on_outside_range": {
          "event": "minecraft:change_to_2",
          "target": "self"
        }
      },
       "minecraft:behavior.hurt_by_target": {
          "priority": 0
        },
      "minecraft:physics": {
      }
    },
    "events": {
      "minecraft:entity_spawned": {
        "randomize": [
         {
            "weight": 50,
            "remove": {
            },
            "add": {
              "component_groups": [
                "Mermaid_Boss_2_byLEMO"
              ]
            }
          }
        ]
      },
      "minecraft:change_to_2": {
        "remove": {
          "component_groups": [
            "minecraft:Mermaid_Boss_1_byLEMO"
          ]
        },
        "add": {
          "component_groups": [
            "minecraft:Mermaid_Boss_2_byLEMO"
          ]
        }
      }, 
      "minecraft:change_to_1": {
        "remove": {
          "component_groups": [
            "minecraft:Mermaid_Boss_2_byLEMO"
          ]
        },
        "add": {
          "component_groups": [
            "minecraft:Mermaid_Boss_1_byLEMO"
          ]
        }
      }
    }
  }
}