{
  "minecraft:entity": {
    "format_version": "1.2.0",

    "component_groups": {
      "minecraft:LEMO_attack": {
      "minecraft:shooter": {
        "def": "minecraft:iron_golem"
      },
      "minecraft:behavior.ranged_attack": {
        "attack_interval_min": 1,
        "attack_interval_max": 2,
        "attack_radius": 32
      },
      "minecraft:timer": {
          "time": 3,
          "looping": false,
          "time_down_event": {
            "event": "minecraft:on_fang",
            "target": "self"
          }
        }
      },
      "minecraft:LEMO_fang": {
      "minecraft:behavior.summon_entity": {
        "priority": 2,
        "summon_choices": [
          {
            "weight": 1,
            "cooldown_time": 5.0,
            "cast_duration": 4.0,
            "particle_color": "#FF8C00",
            "sequence": [
            {
              "shape": "circle",
              "target": "self",
              "base_delay": 1.0,
              "num_entities_spawned": 6,
              "entity_type": "minecraft:vex",
              "size": 6,
              "entity_lifespan": 20
            }
           ]
          }
         ]
        },
      "minecraft:timer": {
          "time": 8,
          "looping": false,
          "time_down_event": {
            "event": "minecraft:on_attack",
            "target": "self"
          }
        }
      }
    },

    "components": {
      "minecraft:identifier": {
        "id": "minecraft:witch"
      },
      "minecraft:type_family": {
        "family": [ "V.LEMO" ]
      },
      "minecraft:scale": {
         "value": 4.6
      },
      "minecraft:attack": {
        "damage": 4
      },
      "minecraft:collision_box": {
        "width": 0.4,
        "height": 2.0
      },
      "minecraft:fire_immune": true,
      "minecraft:breathable":{
        "breathesAir": true,
        "breathesWater": true
      },
      "minecraft:loot": {
        "table": "loot_tables/entities/MonsterBoss.json"
      },
      "minecraft:health": {
        "value": 150,
        "max": 150
      },
      "minecraft:movement": {
        "value": 0.0,
        "max": 0.0
      },
      "minecraft:fall_damage": {
        "value": 0.0
      },
      "minecraft:knockback_resistance": {
        "value": 1.0
      },
      "minecraft:navigation.walk": {
      },
      "minecraft:movement.basic": {
      },
      "minecraft:jump.static": {
      },
      "minecraft:can_climb": {
      },
      "minecraft:behavior.random_stroll": {
        "priority": 8,
        "speed_multiplier": 1.0
      },
      "minecraft:behavior.nearest_attackable_target": {
        "priority": 2,
        "entity_types": [
          {
            "filters": {  
                "any_of": [
                  { "test" :  "is_family", "subject" : "other", "value" : "player"}
                ] 
              },
            "max_dist": 32
          }
        ],
        "must_see": true
      },
      "minecraft:behavior.look_at_player": {
        "priority": 9,
        "look_distance": 32,
        "probability": 0.9
      },
      "minecraft:behavior.look_at_entity": {
        "priority": 10,
        "look_distance": 32.0,
        "filters": { "test" :  "is_family", "subject" : "other", "value" :  "mob" }
      },
      "minecraft:damage_sensor": [
        {
          "on_damage": { "filters": { "test" :  "is_family", "subject" : "other", "value" :  "lightning"} },
          "deals_damage": false
        }
      ],
      "minecraft:behavior.hurt_by_target": {
        "priority": 1
      },
      "minecraft:physics": {
      }
    },
    "events": {
      "minecraft:entity_spawned": {
        "remove": {
        },
        "add": {
          "component_groups": [
            "minecraft:LEMO_attack"
          ]
        }
      },
      "minecraft:on_fang": {
        "remove": {
          "component_groups": [
            "minecraft:LEMO_attack"
          ]
        },
        "add": {
          "component_groups": [
            "minecraft:LEMO_fang"
          ]
        }
      },
      "minecraft:on_attack": {
        "remove": {
          "component_groups": [
            "minecraft:LEMO_fang"
          ]
        },
        "add": {
          "component_groups": [
            "minecraft:LEMO_attack"
          ]
        }
      }
    }
  }
}
