{
  "minecraft:entity": {
    "format_version": "1.2.0",

    "components": {
      "minecraft:identifier": {
        "id": "minecraft:zombie_villager"
      },
      "minecraft:type_family": {
        "family":[ "V.LEMO" ]
      },
       "minecraft:scale": {
          "value":0.95
      },
      "minecraft:fire_immune": true,
      "minecraft:breathable": {
        "breathesAir": true,
        "breathesWater": true
      },
      "minecraft:collision_box": {
        "width": 0.9,
        "height": 0.9
      },
      "minecraft:health": {
        "value": 2,
        "max": 2
      },
      "minecraft:fall_damage": {
        "value": 0.0
      },
      "minecraft:knockback_resistance": {
        "value": 1.0
      },
      "minecraft:loot": {
        "table": "loot_tables/entities/ChestMan.json"
      },
      "minecraft:navigation.walk": {
      },
      "minecraft:movement": {
        "value": 0.0
      },
      "minecraft:movement.basic": {   
      },
      "minecraft:jump.static": {
      },
      "minecraft:can_climb": {
      },
      "minecraft:physics": {
      }
    }
  }