{
  "minecraft:entity": {
    "format_version": "1.2.0",
  
    "components": {
      "minecraft:identifier": {
        "id": "minecraft:arrow"
      },
      "minecraft:collision_box": {
        "width": 0.25,
        "height": 0.35
      },
      "minecraft:projectile": {
        "onHit": {
          "impact_damage": {
            "damage": 1,
            "knockback": true,
            "semirandomdiffdamage": true,
            "destroyonhit": true
          },
          "stick_in_ground": {
            "shake_time" : 0
          }
        },
        "liquid_inertia": 1.0,
        "hitSound": "bow.hit",
        "power": 4,
        "gravity": 0.04,
        "uncertaintyBase": 0,
        "uncertaintyMultiplier": 0,
        "stopOnHurt": true,
        "anchor": 1,
        "shouldbounce": true,
        "offset": [ 0, -0.1, 0 ]
      },
      "minecraft:physics": {
      }
    }
  }
}