{
  "minecraft:entity": {
    "format_version": "1.2.0",

    "components": {
      "minecraft:identifier": {
        "id": "minecraft:elder_guardian"
      },
      "minecraft:nameable": {
      },
      "minecraft:collision_box": {
        "width": 1.85,
        "height": 1.85
      },
      "minecraft:type_family": {
        "family":[ "V.LEMO" ]
      },
      "minecraft:behavior.melee_attack": {
        "priority": 2,
        "track_target": true
      },
      "minecraft:movement": {
        "value": 0.22
      },
      "minecraft:underwater_movement": {
        "value": 0.22
      },
      "minecraft:loot": {
        "table": "loot_tables/entities/MysSea.json"
      },
      "minecraft:fire_immune": true,
      "minecraft:breathable": {
        "totalSupply": 15,
        "suffocateTime": -1,
        "breathesAir": false,
        "breathesWater": true
      },
      "minecraft:on_target_acquired": {
      },
      "minecraft:health": {
        "value": 20,
        "max": 20
      },
      "minecraft:attack": {
        "damage": 12
      },
      "minecraft:navigation.generic": {
        "is_amphibious": false,
        "can_float": false,
        "can_swim": true,
        "can_walk": false,
        "can_breach": false,
        "can_sink": false
      },
      "minecraft:movement.sway": {
        "sway_amplitude": 0.0
      },
      "minecraft:physics": {
        "has_gravity": false
      },
      "minecraft:behavior.follow_flock": {
        "priority": 2,
        "speed_multiplier": 0.12
      },
      "minecraft:behavior.swim_idle": {
        "priority": 5
      },
      "minecraft:behavior.random_swim": {
        "speed_multiplier": 1.0,
        "priority": 3,
        "xz_dist": 16,
        "y_dist": 4,
        "interval": 0
      },
      "minecraft:behavior.swim_wander": {
        "priority": 4,
        "speed_multiplier": 0.014,
        "interval": 60
      },
      "minecraft:behavior.nearest_attackable_target": {
        "priority": 2,
        "entity_types": [
          {
            "filters": {  
                "any_of": [
                  { "test" :  "is_family", "subject" : "other", "value" : "player"}
                ] 
              },
            "max_dist": 32
          }
        ],
        "must_see": true
      },
      "minecraft:behavior.hurt_by_target": {
        "priority": 0
      },
      "minecraft:follow_range": {
        "value": 32,
        "max": 32
      },
      "minecraft:physics": {
      }
    }
  }
}