{
  "minecraft:entity": {
    "format_version": "1.2.0",

    "component_groups": {
      "minecraft:LEMO_player_Normal": {
        "minecraft:underwater_movement": {
          "value": 0.02
        },
        "minecraft:spell_effects": {
          "remove_effects": [
            "water_breathing",
            "dolphins_grace",
            "resistance",
            "strength",
            "speed"
          ]
        }
      },
      "minecraft:LEMO_player_SuitX": {
        "minecraft:timer": {
          "time": 0.1,
          "looping": false,
          "time_down_event": {
            "event": "minecraft:change_to_Normal",
            "target": "self"
          }
        },
        "minecraft:spell_effects": {
          "remove_effects": [
            "water_breathing",
            "dolphins_grace",
            "resistance",
            "strength",
            "speed"
          ],
          "add_effects": [
            {
              "effect": "resistance",
              "amplifier": 10,
              "visible": false,
              "ambient": false,
              "duration": 999999999
            },
            {
              "effect": "strength",
              "amplifier": 3,
              "visible": false,
              "ambient": false,
              "duration": 999999999
            },
            {
              "effect": "water_breathing",
              "amplifier": 10,
              "visible": false,
              "ambient": false,
              "duration": 999999999
            }
          ]
        }
      },
      "minecraft:LEMO_player_Suit": {
        "minecraft:timer": {
          "time": 0.1,
          "looping": false,
          "time_down_event": {
            "event": "minecraft:change_to_Normal",
            "target": "self"
          }
        },
        "minecraft:spell_effects": {
          "remove_effects": [
            "water_breathing",
            "dolphins_grace",
            "resistance",
            "strength",
            "speed"
          ],
          "add_effects": [
            {
              "effect": "strength",
              "amplifier": 2,
              "visible": false,
              "ambient": false,
              "duration": 999999999
            },
            {
              "effect": "water_breathing",
              "amplifier": 10,
              "visible": false,
              "ambient": false,
              "duration": 999999999
            }
          ]
        }
      },
      "minecraft:LEMO_player_Manaia": {
        "minecraft:timer": {
          "time": 0.1,
          "looping": false,
          "time_down_event": {
            "event": "minecraft:change_to_Normal",
            "target": "self"
          }
        },
        "minecraft:spell_effects": {
          "remove_effects": [
            "water_breathing",
            "dolphins_grace",
            "resistance",
            "strength",
            "speed"
          ],
          "add_effects": [
            {
              "effect": "strength",
              "amplifier": 2,
              "visible": false,
              "ambient": false,
              "duration": 999999999
            }
          ]
        }
      },
      "minecraft:LEMO_player_Hook": {
        "minecraft:timer": {
          "time": 0.1,
          "looping": false,
          "time_down_event": {
            "event": "minecraft:change_to_Normal",
            "target": "self"
          }
        },
        "minecraft:underwater_movement": {
          "value": 0.06
        },
        "minecraft:spell_effects": {
          "remove_effects": [
            "water_breathing",
            "dolphins_grace",
            "resistance",
            "strength",
            "speed"
          ],
          "add_effects": [
            {
              "effect": "speed",
              "amplifier": 2,
              "visible": false,
              "ambient": false,
              "duration": 999999999
            }
          ]
        }
      },
      "minecraft:LEMO_player_Tiki": {
        "minecraft:timer": {
          "time": 0.1,
          "looping": false,
          "time_down_event": {
            "event": "minecraft:change_to_Normal",
            "target": "self"
          }
        },
        "minecraft:spell_effects": {
          "add_effects": [
            {
              "effect": "resistance",
              "amplifier": 10,
              "visible": false,
              "ambient": false,
              "duration": 999999999
            }
          ]
        }
      }
    },

    "components": {
      "minecraft:identifier": {
        "id": "minecraft:player"
      },
      "minecraft:type_family": {
        "family": [ "player" ]
      },
      "minecraft:loot": {
        "table": "loot_tables/empty.json"
      },
      "minecraft:scale": {
        "value": 1.0
      },
      "minecraft:collision_box": {
        "width": 0.6,
        "height": 1.8
      },
      "minecraft:can_climb": {
      },
      "minecraft:attack": {
        "damage": 1
      },
      "minecraft:player.saturation": {
        "value": 20
      },
      "minecraft:movement": {
        "value": 0.1
      },
      "minecraft:underwater_movement": {
        "value": 0.02
      },
      "minecraft:player.exhaustion": {
        "value": 0,
        "max": 4
      },
      "minecraft:player.level": {
        "value": 0,
        "max": 24791
      },
      "minecraft:player.experience": {
        "value": 0,
        "max": 1
      },
      "minecraft:breathable": {
        "totalSupply": 15,
        "suffocateTime": -2,
        "inhaleTime": 3.75,
        "breathesAir": true,
        "breathesWater": false,
        "generatesBubbles": false
      },
      "minecraft:nameable": {
        "alwaysShow": true,
        "allowNameTagRenaming": false
      },
      "minecraft:environment_sensor": [
        {
          "on_environment": {
            "filters": {
              "all_of": [
                { "test": "has_equipment", "subject": "self", "domain": "armor", "value": "skull:4"},
                { "test": "has_equipment", "subject": "self", "domain": "armor", "value": "diamond_chestplate"},
                { "test": "has_equipment", "subject": "self", "domain": "armor", "value": "diamond_armorgings"},
                { "test": "has_equipment", "subject": "self", "domain": "armor", "value": "diamond_boots"}
              ]
            },
            "event": "minecraft:change_to_SuitX"
          }
        },
        {
          "on_environment": {
            "filters": {
              "all_of": [
                { "test": "has_equipment", "subject": "self", "domain": "armor", "value": "diamond_helmet"},
                { "test": "has_equipment", "subject": "self", "domain": "armor", "value": "diamond_chestplate"},
                { "test": "has_equipment", "subject": "self", "domain": "armor", "value": "diamond_armorgings"},
                { "test": "has_equipment", "subject": "self", "domain": "armor", "value": "diamond_boots"}
              ]
            },
            "event": "minecraft:change_to_Suit"
          }
        },
        {
          "on_environment": {
            "filters": {
              "any_of": [
                { "test": "has_equipment", "subject": "self", "domain": "armor", "value": "iron_chestplate"}
              ]
            },
            "event": "minecraft:change_to_Manaia"
          }
        },
        {
          "on_environment": {
            "filters": {
              "any_of": [
                { "test": "has_equipment", "subject": "self", "domain": "armor", "value": "chainmail_chestplate"}
              ]
            },
            "event": "minecraft:change_to_Hook"
          }
        },
        {
          "on_environment": {
            "filters": {
              "any_of": [
                { "test": "has_equipment", "subject": "self", "domain": "armor", "value": "golden_chestplate"}
              ]
            },
            "event": "minecraft:change_to_Tiki"
          }
        }
      ],
      "minecraft:physics": {
      },
      "minecraft:rideable": {
        "seat_count": 2,
        "family_types": [
          "parrot_tame"
        ],
        "pull_in_entities": true,
        "seats": [
          {
            "position": [ 0.4, -0.15, 0.04 ],
            "min_rider_count": 0,
            "max_rider_count": 0,
            "lock_rider_rotation": 0
          },
          {
            "position": [ -0.4, -0.15, 0.04 ],
            "min_rider_count": 1,
            "max_rider_count": 2,
            "lock_rider_rotation": 0
          }
        ]
      }
    },
    "events": {
      "minecraft:change_to_Normal": {
        "remove": {
          "component_groups": [
            "minecraft:LEMO_player_Normal",
            "minecraft:LEMO_player_SuitX",
            "minecraft:LEMO_player_Suit",
            "minecraft:LEMO_player_Manaia",
            "minecraft:LEMO_player_Hook",
            "minecraft:LEMO_player_Tiki"
          ]
        },
        "add": {
          "component_groups": [
            "minecraft:LEMO_player_Normal"
          ]
        }
      },
      "minecraft:change_to_SuitX": {
        "remove": {
          "component_groups": [
            "minecraft:LEMO_player_Normal",
            "minecraft:LEMO_player_SuitX",
            "minecraft:LEMO_player_Suit",
            "minecraft:LEMO_player_Manaia",
            "minecraft:LEMO_player_Hook",
            "minecraft:LEMO_player_Tiki"
          ]
        },
        "add": {
          "component_groups": [
            "minecraft:LEMO_player_SuitX"
          ]
        }
      },
      "minecraft:change_to_Suit": {
        "remove": {
          "component_groups": [
            "minecraft:LEMO_player_Normal",
            "minecraft:LEMO_player_SuitX",
            "minecraft:LEMO_player_Suit",
            "minecraft:LEMO_player_Manaia",
            "minecraft:LEMO_player_Hook",
            "minecraft:LEMO_player_Tiki"
          ]
        },
        "add": {
          "component_groups": [
            "minecraft:LEMO_player_Suit"
          ]
        }
      },
      "minecraft:change_to_Manaia": {
        "remove": {
          "component_groups": [
            "minecraft:LEMO_player_Normal",
            "minecraft:LEMO_player_SuitX",
            "minecraft:LEMO_player_Suit",
            "minecraft:LEMO_player_Manaia",
            "minecraft:LEMO_player_Hook",
            "minecraft:LEMO_player_Tiki"
          ]
        },
        "add": {
          "component_groups": [
            "minecraft:LEMO_player_Manaia"
          ]
        }
      },
      "minecraft:change_to_Hook": {
        "remove": {
          "component_groups": [
            "minecraft:LEMO_player_Normal",
            "minecraft:LEMO_player_SuitX",
            "minecraft:LEMO_player_Suit",
            "minecraft:LEMO_player_Manaia",
            "minecraft:LEMO_player_Hook",
            "minecraft:LEMO_player_Tiki"
          ]
        },
        "add": {
          "component_groups": [
            "minecraft:LEMO_player_Hook"
          ]
        }
      },
      "minecraft:change_to_Tiki": {
        "remove": {
          "component_groups": [
            "minecraft:LEMO_player_Normal",
            "minecraft:LEMO_player_SuitX",
            "minecraft:LEMO_player_Suit",
            "minecraft:LEMO_player_Manaia",
            "minecraft:LEMO_player_Hook",
            "minecraft:LEMO_player_Tiki"
          ]
        },
        "add": {
          "component_groups": [
            "minecraft:LEMO_player_Tiki"
          ]
        }
      }
    }
  }
}
