{
  "minecraft:entity": {
    "format_version": "1.2.0",

    "components": {
      "minecraft:identifier": {
        "id": "minecraft:evocation_illager"
      },
      "minecraft:type_family": {
        "family":[ "V.LEMO" ]
      },
       "minecraft:scale": {
          "value":3.2
      },
      "minecraft:loot": {
        "table": "loot_tables/entities/MysSea.json"
      },
      "minecraft:fire_immune": true,
      "minecraft:breathable": {
        "totalSupply": 15,
        "suffocateTime": 0,
        "breathesAir": false,
        "breathesWater": true
      },
      "minecraft:behavior.float": {
      },
      "minecraft:health": {
        "value": 3,
        "max": 3
      },
      "minecraft:collision_box": {
        "width": 0.6,
        "height": 0.6
      },
      "minecraft:fall_damage": {
        "value": 0.0
      },
      "minecraft:knockback_resistance": {
        "value": 1.0
      },
      "minecraft:movement": {
        "value": 0.08
      },
      "minecraft:underwater_movement": {
        "value": 0.08
      },
      "minecraft:navigation.swim": {
        "can_sink": false
      },
      "minecraft:navigation.generic": {
        "is_amphibious": false,
        "can_float": false,
        "can_swim": true,
        "can_walk": false,
        "can_breach": false,
        "can_sink": false
      },
      "minecraft:behavior.swim_wander": {
        "priority": 5,
        "speed_multiplier": 1.0
      },
      "minecraft:movement.sway": {
        "value": 0.0,
        "max_turn": 6.0,
        "sway_amplitude": 0.0
      },
      "minecraft:behavior.random_swim": {
        "priority": 3,
        "speed_multiplier": 0.2,
        "xz_distance": 16,
        "y_distance": 4
      },
      "minecraft:physics": {
      }
    }
  }