{
  "minecraft:entity": {
    "format_version": "1.2.0",

    "components": {
      "minecraft:identifier": {
        "id": "minecraft:iron_golem"
      },
      "minecraft:scale": {
        "value": 0.9
      },
      "minecraft:collision_box": {
        "width": 0.41,
        "height": 0.41
      },
      "minecraft:behavior.look_at_player": {
        "look_distance": 32,
        "probability": 1.1
      },
      "minecraft:projectile": {
        "onHit": {
          "impact_damage": {
            "damage": 2,
            "knockback": false
          },
          "spawn_chance": {
            "firstSpawnChance": 1,
            "firstSpawnCount": 1,
            "spawnDefinition": "minecraft:lightning_bolt"
          },
            "mob_effect": {
            "effect": "mining_fatigue",
            "durationeasy": 1200,
            "durationnormal": 1200,
            "durationhard": 1200,
            "amplifier": 10
          },
          "remove_on_hit": { }
        },
        "liquid_inertia": 1.0,
        "hitSound": "item.trident.hit",
        "hitGroundSound": "item.trident.hit_ground",
        "power": 4,
        "gravity": 0.01,
        "uncertaintyBase": 0,
        "uncertaintyMultiplier": 0,
        "stopOnHurt": true,
        "anchor": 1,
        "shouldbounce": true,
        "offset": [ 0, -0.1, 0 ]
      },
    "minecraft:physics": {
      }
    }
  }
}
