{
  "minecraft:entity": {
    "format_version": "1.2.0",

  "components": {
    "minecraft:identifier": {
      "id": "minecraft:silverfish"
    },
    "minecraft:type_family": {
      "family":[ "V.LEMO" ]          
    },
      "minecraft:breathable":{
        "breathesAir": true,
        "breathesWater": true
      },
    "minecraft:loot": {
      "table": "loot_tables/entities/Diamond_2.json"
      },
      "minecraft:health": {
        "value": 8,
        "max": 8
      },  
      "minecraft:movement": {
        "value": 0.25
      },
      "minecraft:navigation.walk": {
      },
      "minecraft:movement.basic": {
      },
      "minecraft:jump.static": {
      },
      "minecraft:can_climb": {
      },
      "minecraft:attack": {
        "damage": 1
      },
     "minecraft:behavior.melee_attack": {
        "priority": 4,
        "speed_multiplier": 1.0,
        "track_target": true
      },
      "minecraft:collision_box": {
        "width": 0.4,
        "height": 0.3
      },
      "minecraft:behavior.nearest_attackable_target": {
        "priority": 2,
        "entity_types": [
          {
            "filters": {  
                "any_of": [
                  { "test" :  "is_family", "subject" : "other", "value" :  "player"}
                ]
             },
            "max_dist": 32,
            "attack_interval": 10
          }
        ]
      },
      "minecraft:behavior.hurt_by_target": {
        "priority": 1,
        "alert_same_type": true
      },
      "minecraft:physics": {
      }
    }
  }
}