{
  "minecraft:entity": {
    "format_version": "1.2.0",

    "components": {
      "minecraft:identifier": {
        "id": "minecraft:stray"
      },
      "minecraft:type_family": {
        "family":[ "V.LEMO" ]
      },
       "minecraft:scale": {
          "value":0.95
      },
      "minecraft:fire_immune": true,
      "minecraft:breathable": {
        "breathesAir": true,
        "breathesWater": true
      },
      "minecraft:collision_box": {
        "width": 0.6,
        "height": 1.95
      },
      "minecraft:health": {
        "value": 20,
        "max": 20
      },
      "minecraft:fall_damage": {
        "value": 0.0
      },
      "minecraft:knockback_resistance": {
        "value": 1.0
      },
      "minecraft:loot": {
        "table": "loot_tables/entities/LEMO.json"
      },
      "minecraft:equipment": {
        "table": "loot_tables/entities/VernianLEMO_gear.json"
      },
      "minecraft:navigation.walk": {
      },
      "minecraft:movement": {
        "value": 0.2
      },
      "minecraft:is_charged": {
      },
      "minecraft:movement.basic": {   
      },
      "minecraft:jump.static": {
      },
      "minecraft:can_climb": {
      },
      "minecraft:behavior.random_stroll": {
        "speed_multiplier": 1
      },
      "minecraft:behavior.look_at_player": {
        "look_distance": 16,
        "probability": 0.02
      },
      "minecraft:behavior.random_look_around": {
      },
      "minecraft:damage_sensor": [
        {
          "on_damage": { "filters": { "test" :  "is_family", "subject" : "other", "value" :  "lightning"} },
          "deals_damage": false
        }
      ],
      "minecraft:physics": {
      }
    }
  }