{
  "individual_event_sounds" : {
     "events" :{
        "bow.hit": {"sound": "random.anvil_land", "volume": 5.0, "pitch": 1.0},
        "bow" : {"sound": "random.gun", "volume" : 1.0, "pitch" : 1.0}
     }
  },
  "entity_sounds": {
    "defaults": {
      "volume": 1.0,
      "pitch": [ 0.8, 1.2 ],
      "events": {
        "fall.big": {"sound": "damage.fallbig", "volume": 0.75, "pitch": 1.0},
        "fall.small": {"sound": "damage.fallsmall","volume": 0.75, "pitch": 1.0},
        "splash": {"sound": "random.splash","pitch": [ 0.6, 1.4 ]},
        "swim": {"sound": "random.swim","pitch": [ 0.6, 1.4 ]},
        "fizz": {"sound": "random.fizz","volume": 0.7,"pitch": [ 1.2, 2.0 ]},
        "drink": {"sound": "random.drink","volume": 0.5,"pitch": [ 0.9, 1.0 ]},
        "eat": {"sound": "random.eat","volume": [ 0.5, 1.5 ],"pitch": [ 0.8, 1.2 ]},
        "ambient": "",
        "hurt": "game.player.hurt",
        "death": "game.player.die",
        "ambient.in.water": "",
        "hurt.in.water": "",
        "death.in.water": ""
      }
    },
    "entities": {
      "ghast": {
        "volume": 1.0,
        "pitch": 1.0,
        "events": {
          "scream": "T.Voice",
          "warn": "T.Voice",
          "shoot": "T.Voice",
          "ambient": "T.Voice",
          "hurt": " ",
          "death": "T.Voice",
          "ambient.in.water": "T.Voice",
          "hurt.in.water": "T.Voice",
          "death.in.water": "T.Voice"
        }
      },
      "witch": {
        "volume": 1.0,
        "pitch": 1.0,
        "events": {
          "ambient": "W.Voice",
          "hurt": "W.Voice",
          "death": "W.Death",
          "drink": "W.Voice",
          "throw": "W.Voice",
          "ambient.in.water": "W.Voice",
          "hurt.in.water": "W.Voice",
          "death.in.water": "W.Death"
        }
      },
      "wither": {
        "volume": 1.0,
        "pitch": [ 0.9, 1.1 ],
        "events": {
          "ambient": "M.Walk",
          "hurt": "M.Hit",
          "death": "M.Death",
          "death.min.volume": { "sound": "M.Death", "volume": 0.5 },
          "death.mid.volume": { "sound": "M.Death", "volume": 0.75 },
          "spawn": { "sound": "M.Death", "volume": 2.0 },
          "break.block": { "sound": "M.Death", "volume": 1.0 },
          "shoot": { "sound": "M.Shoot", "volume": 0.6 },
          "ambient.in.water": "M.Walk",
          "hurt.in.water": "M.Hit",
          "death.in.water": "M.Death"
        }
      },
      "creeper": {
        "volume": 1.0,
        "pitch": 1.0,
        "events": {
          "ambient": "mob.drowned.say",
          "hurt": "mob.drowned.hurt",
          "death": "mob.drowned.death",
          "ambient.in.water": "mob.drowned.say_water",
          "hurt.in.water": "mob.drowned.hurt_water",
          "death.in.water": "mob.drowned.death_water",
          "step": "mob.drowned.step",
          "fuse": "random.fuse"
        }
      },
      "vex": {
        "volume": 0.6,
        "pitch": [ 0.8, 1.2 ],
        "events": {
          "ambient": "W.Rock",
          "death": "M.Death",
          "hurt": "M.Death",
          "charge": "M.Death",
          "ambient.in.water": "W.Rock",
          "hurt.in.water": "M.Death",
          "death.in.water": "M.Death"
        }
      },
      "zombie": {
        "volume": 1.0,
        "pitch": [ 0.8, 1.2 ],
        "events": {
          "ambient": " ",
          "hurt": "game.player.hurt",
          "death": "game.player.die",
          "hurt.in.water": "game.player.hurt",
          "death.in.water": "game.player.die",
          "step": " "
        }
      },
      "zombie_pigman": {
        "volume": 1.0,
        "pitch": [ 0.8, 1.2 ],
        "events": {
          "ambient": " ",
          "hurt": "game.player.hurt",
          "death": "game.player.die",
          "hurt.in.water": "game.player.hurt",
          "death.in.water": "game.player.die",
          "step": " ",
          "mad": " "
        }
      },
      "husk": {
        "volume": 1.0,
        "pitch": [ 0.8, 1.2 ],
        "events": {
          "ambient": " ",
          "hurt": "game.player.hurt",
          "death": "game.player.die",
          "hurt.in.water": "game.player.hurt",
          "death.in.water": "game.player.die",
          "step": " "
        }
      },
      "spider": {
        "volume": 1.0,
        "pitch": [ 0.8, 1.2 ],
        "events": {
          "hurt": "mob.fish.hurt",
          "hurt.in.water": "mob.fish.hurt",
          "ambient": " ",
          "ambient.in.water": " ",
          "hurt": " ",
          "death": " ",
          "hurt.in.water": " ",
          "death.in.water": " ",
          "step": "mob.fish.step"
        }
      },
      "mooshroom": {
        "volume": 1.0,
        "pitch": [ 0.8, 1.2 ],
        "events": {
          "hurt": "mob.fish.hurt",
          "hurt.in.water": "mob.fish.hurt",
          "ambient": " ",
          "ambient.in.water": " ",
          "hurt": " ",
          "death": " ",
          "hurt.in.water": " ",
          "death.in.water": " ",
          "step": "mob.fish.step"
        }
      },
      "wolf": {
        "volume": 1.0,
        "pitch": [ 0.8, 1.2 ],
        "events": {
          "hurt": "mob.fish.hurt",
          "hurt.in.water": "mob.fish.hurt",
          "ambient": " ",
          "ambient.in.water": " ",
          "hurt": " ",
          "death": " ",
          "hurt.in.water": " ",
          "death.in.water": " ",
          "step": "mob.fish.step",
          "shake": " ",
          "growl": " ",
          "whine": " ",
          "pant": " "
        }
      },
      "cave_spider": {
        "volume": 0.0
      },
      "iron_golem": {
        "volume": 0.0
      },
      "zombie_villager": {
        "volume": 0.0
      },
      "stray": {
        "volume": 1.0,
        "pitch": [ 0.8, 1.2 ],
        "events": {
          "ambient": " ",
          "hurt": "game.player.hurt",
          "death": "game.player.die",
          "ambient.in.water": " ",
          "hurt.in.water": "game.player.hurt",
          "death.in.water": "game.player.die",
          "step": "step.stone"
        }
      },
      "evocation_illager": {
        "volume": 1.0,
        "pitch": 1.0,
        "events": {
          "ambient": "O.Voice",
          "death": "O.Voice",
          "hurt": "O.Voice",
          "cast.spell": "O.Voice",
          "prepare.attack": "O.Voice",
          "prepare.summon": "O.Voice",
          "prepare.wololo": "O.Voice",
          "ambient.in.water": "O.Voice",
          "hurt.in.water": "O.Voice",
          "death.in.water": "O.Voice",
          "step": " "
        }
      },
      "minecart": {
        "volume": 1.0,
        "pitch": 1.0,
        "events": {
          "ambient": "O.Voice",
          "death": "O.Voice",
          "hurt": "O.Voice",
          "ambient.in.water": "O.Voice",
          "hurt.in.water": "O.Voice",
          "death.in.water": "O.Voice",
          "step": " "
        }
      }
    }
  }
}