{
  "T.Voice": {
    "category": "hostile",
    "min_distance": 100.0,
    "sounds": [
      "sounds/SEA_Sound/T_Voice1",
      "sounds/SEA_Sound/T_Voice2",
      "sounds/SEA_Sound/T_Voice3"
    ]
  },
  "O.Voice": {
    "category": "neutral",
    "sounds": [
      "sounds/SEA_Sound/O_Voice1",
      "sounds/SEA_Sound/O_Voice2"
    ]
  },
  "M.Hit": {
    "category": "music",
    "sounds": [
      "sounds/SEA_Sound/M_Hit"
    ]
  },
  "M.Shoot": {
    "category": "music",
    "sounds": [
      "sounds/SEA_Sound/M_Shoot"
    ]
  },
  "M.Death": {
    "category": "music",
    "sounds": [
      "sounds/SEA_Sound/M_Death"
    ]
  },
  "M.Walk": {
    "category": "music",
    "sounds": [
      "sounds/SEA_Sound/M_Walk"
    ]
  },
  "W.Voice": {
    "category": "music",
    "sounds": [
      "sounds/SEA_Sound/W_1",
      "sounds/SEA_Sound/W_2",
      "sounds/SEA_Sound/W_3"
    ]
  },
  "W.Death": {
    "category": "music",
    "sounds": [
      "sounds/SEA_Sound/w_Death"
    ]
  },
  "W.Rock": {
    "category": "music",
    "sounds": [
      "sounds/SEA_Sound/W_Rock"
    ]
  },
  "random.gun": {
    "sounds": [
      "sounds/SEA_Sound/N_Gun"
    ]
  },
  "no.sound": {
    "sounds": [
      "sounds/SEA_Sound/NO"
    ]
  }
}